index,tile,hflip,vflip,palette
0,0x17,0,0,0xC
1,0x17,0,0,0xC
2,0x17,0,0,0xC
3,0x17,0,0,0xC
4,0x17,0,0,0xC
5,0x17,0,0,0xC
6,0x17,0,0,0xC
7,0x17,0,0,0xC
8,0x17,0,0,0xC
9,0x17,0,0,0xC
10,0x17,0,0,0xC
11,0x17,0,0,0xC
12,0x17,0,0,0xC
13,0x17,0,0,0xC
14,0x17,0,0,0xC
15,0x17,0,0,0xC
16,0x17,0,0,0xC
17,0x17,0,0,0xC
18,0x17,0,0,0xC
19,0x17,0,0,0xC
20,0x17,0,0,0xC
21,0x17,0,0,0xC
22,0x17,0,0,0xC
23,0x17,0,0,0xC
24,0x17,0,0,0xC
25,0x17,0,0,0xC
26,0x17,0,0,0xC
27,0x17,0,0,0xC
28,0x17,0,0,0xC
29,0x17,0,0,0xC
30,0x17,0,0,0xC
31,0x17,0,0,0xC
32,0x17,0,0,0xC
33,0x17,0,0,0xC
34,0x17,0,0,0xC
35,0x17,0,0,0xC
36,0x17,0,0,0xC
37,0x17,0,0,0xC
38,0x17,0,0,0xC
39,0x17,0,0,0xC
40,0x17,0,0,0xC
41,0x17,0,0,0xC
42,0x17,0,0,0xC
43,0x17,0,0,0xC
44,0x17,0,0,0xC
45,0x17,0,0,0xC
46,0x17,0,0,0xC
47,0x17,0,0,0xC
48,0x17,0,0,0xC
49,0x17,0,0,0xC
50,0x17,0,0,0xC
51,0x17,0,0,0xC
52,0x17,0,0,0xC
53,0x17,0,0,0xC
54,0x17,0,0,0xC
55,0x17,0,0,0xC
56,0x17,0,0,0xC
57,0x17,0,0,0xC
58,0x17,0,0,0xC
59,0x17,0,0,0xC
60,0x17,0,0,0xC
61,0x17,0,0,0xC
62,0x17,0,0,0xC
63,0x17,0,0,0xC
64,0x17,0,0,0xC
65,0x17,0,0,0xC
66,0x17,0,0,0xC
67,0x17,0,0,0xC
68,0x17,0,0,0xC
69,0x17,0,0,0xC
70,0x17,0,0,0xC
71,0x17,0,0,0xC
72,0x17,0,0,0xC
73,0x17,0,0,0xC
74,0x17,0,0,0xC
75,0x17,0,0,0xC
76,0x17,0,0,0xC
77,0x17,0,0,0xC
78,0x17,0,0,0xC
79,0x17,0,0,0xC
80,0x17,0,0,0xC
81,0x17,0,0,0xC
82,0x17,0,0,0xC
83,0x17,0,0,0xC
84,0x17,0,0,0xC
85,0x17,0,0,0xC
86,0x17,0,0,0xC
87,0x17,0,0,0xC
88,0x17,0,0,0xC
89,0x17,0,0,0xC
90,0x17,0,0,0xC
91,0x17,0,0,0xC
92,0x17,0,0,0xC
93,0x17,0,0,0xC
94,0x17,0,0,0xC
95,0x17,0,0,0xC
96,0x17,0,0,0xC
97,0x17,0,0,0xC
98,0x17,0,0,0xC
99,0x17,0,0,0xC
100,0x17,0,0,0xC
101,0x17,0,0,0xC
102,0x17,0,0,0xC
103,0x17,0,0,0xC
104,0x17,0,0,0xC
105,0x17,0,0,0xC
106,0x17,0,0,0xC
107,0x17,0,0,0xC
108,0x17,0,0,0xC
109,0x17,0,0,0xC
110,0x17,0,0,0xC
111,0x17,0,0,0xC
112,0x17,0,0,0xC
113,0x17,0,0,0xC
114,0x17,0,0,0xC
115,0x17,0,0,0xC
116,0x17,0,0,0xC
117,0x17,0,0,0xC
118,0x17,0,0,0xC
119,0x17,0,0,0xC
120,0x17,0,0,0xC
121,0x17,0,0,0xC
122,0x17,0,0,0xC
123,0x17,0,0,0xC
124,0x17,0,0,0xC
125,0x17,0,0,0xC
126,0x17,0,0,0xC
127,0x17,0,0,0xC
128,0x17,0,0,0xC
129,0x17,0,0,0xC
130,0x17,0,0,0xC
131,0x17,0,0,0xC
132,0x17,0,0,0xC
133,0x17,0,0,0xC
134,0x17,0,0,0xC
135,0x17,0,0,0xC
136,0x17,0,0,0xC
137,0x17,0,0,0xC
138,0x17,0,0,0xC
139,0x17,0,0,0xC
140,0x17,0,0,0xC
141,0x17,0,0,0xC
142,0x17,0,0,0xC
143,0x17,0,0,0xC
144,0x17,0,0,0xC
145,0x17,0,0,0xC
146,0x17,0,0,0xC
147,0x17,0,0,0xC
148,0x17,0,0,0xC
149,0x17,0,0,0xC
150,0x17,0,0,0xC
151,0x17,0,0,0xC
152,0x17,0,0,0xC
153,0x17,0,0,0xC
154,0x17,0,0,0xC
155,0x17,0,0,0xC
156,0x17,0,0,0xC
157,0x17,0,0,0xC
158,0x17,0,0,0xC
159,0x17,0,0,0xC
160,0x17,0,0,0xC
161,0x17,0,0,0xC
162,0x17,0,0,0xC
163,0x17,0,0,0xC
164,0x17,0,0,0xC
165,0x17,0,0,0xC
166,0x17,0,0,0xC
167,0x17,0,0,0xC
168,0x17,0,0,0xC
169,0x17,0,0,0xC
170,0x17,0,0,0xC
171,0x17,0,0,0xC
172,0x17,0,0,0xC
173,0x17,0,0,0xC
174,0x17,0,0,0xC
175,0x17,0,0,0xC
176,0x17,0,0,0xC
177,0x17,0,0,0xC
178,0x17,0,0,0xC
179,0x17,0,0,0xC
180,0x17,0,0,0xC
181,0x17,0,0,0xC
182,0x17,0,0,0xC
183,0x17,0,0,0xC
184,0x17,0,0,0xC
185,0x17,0,0,0xC
186,0x17,0,0,0xC
187,0x17,0,0,0xC
188,0x17,0,0,0xC
189,0x17,0,0,0xC
190,0x17,0,0,0xC
191,0x17,0,0,0xC
192,0x17,0,0,0xC
193,0x17,0,0,0xC
194,0x17,0,0,0xC
195,0x17,0,0,0xC
196,0x17,0,0,0xC
197,0x17,0,0,0xC
198,0x17,0,0,0xC
199,0x17,0,0,0xC
200,0x17,0,0,0xC
201,0x17,0,0,0xC
202,0x17,0,0,0xC
203,0x17,0,0,0xC
204,0x17,0,0,0xC
205,0x17,0,0,0xC
206,0x17,0,0,0xC
207,0x17,0,0,0xC
208,0x17,0,0,0xC
209,0x17,0,0,0xC
210,0x17,0,0,0xC
211,0x17,0,0,0xC
212,0x17,0,0,0xC
213,0x17,0,0,0xC
214,0x17,0,0,0xC
215,0x17,0,0,0xC
216,0x17,0,0,0xC
217,0x17,0,0,0xC
218,0x17,0,0,0xC
219,0x17,0,0,0xC
220,0x17,0,0,0xC
221,0x17,0,0,0xC
222,0x17,0,0,0xC
223,0x17,0,0,0xC
224,0x17,0,0,0xC
225,0x17,0,0,0xC
226,0x17,0,0,0xC
227,0x17,0,0,0xC
228,0x17,0,0,0xC
229,0x17,0,0,0xC
230,0x17,0,0,0xC
231,0x17,0,0,0xC
232,0x17,0,0,0xC
233,0x17,0,0,0xC
234,0x17,0,0,0xC
235,0x17,0,0,0xC
236,0x17,0,0,0xC
237,0x17,0,0,0xC
238,0x17,0,0,0xC
239,0x17,0,0,0xC
240,0x17,0,0,0xC
241,0x17,0,0,0xC
242,0x17,0,0,0xC
243,0x17,0,0,0xC
244,0x17,0,0,0xC
245,0x17,0,0,0xC
246,0x17,0,0,0xC
247,0x17,0,0,0xC
248,0x17,0,0,0xC
249,0x17,0,0,0xC
250,0x17,0,0,0xC
251,0x17,0,0,0xC
252,0x17,0,0,0xC
253,0x17,0,0,0xC
254,0x17,0,0,0xC
255,0x17,0,0,0xC
256,0x17,0,0,0xC
257,0x17,0,0,0xC
258,0x17,0,0,0xC
259,0x17,0,0,0xC
260,0x17,0,0,0xC
261,0x17,0,0,0xC
262,0x17,0,0,0xC
263,0x17,0,0,0xC
264,0x17,0,0,0xC
265,0x17,0,0,0xC
266,0x17,0,0,0xC
267,0x17,0,0,0xC
268,0x17,0,0,0xC
269,0x17,0,0,0xC
270,0x17,0,0,0xC
271,0x17,0,0,0xC
272,0x17,0,0,0xC
273,0x17,0,0,0xC
274,0x17,0,0,0xC
275,0x17,0,0,0xC
276,0x17,0,0,0xC
277,0x17,0,0,0xC
278,0x17,0,0,0xC
279,0x17,0,0,0xC
280,0x17,0,0,0xC
281,0x17,0,0,0xC
282,0x17,0,0,0xC
283,0x17,0,0,0xC
284,0x17,0,0,0xC
285,0x17,0,0,0xC
286,0x17,0,0,0xC
287,0x17,0,0,0xC
288,0x17,0,0,0xC
289,0x17,0,0,0xC
290,0x17,0,0,0xC
291,0x17,0,0,0xC
292,0x17,0,0,0xC
293,0x17,0,0,0xC
294,0x17,0,0,0xC
295,0x17,0,0,0xC
296,0x17,0,0,0xC
297,0x17,0,0,0xC
298,0x17,0,0,0xC
299,0x17,0,0,0xC
300,0x17,0,0,0xC
301,0x17,0,0,0xC
302,0x17,0,0,0xC
303,0x17,0,0,0xC
304,0x17,0,0,0xC
305,0x17,0,0,0xC
306,0x17,0,0,0xC
307,0x17,0,0,0xC
308,0x17,0,0,0xC
309,0x17,0,0,0xC
310,0x17,0,0,0xC
311,0x17,0,0,0xC
312,0x17,0,0,0xC
313,0x17,0,0,0xC
314,0x17,0,0,0xC
315,0x17,0,0,0xC
316,0x17,0,0,0xC
317,0x17,0,0,0xC
318,0x17,0,0,0xC
319,0x17,0,0,0xC
320,0x17,0,0,0xC
321,0x17,0,0,0xC
322,0x17,0,0,0xC
323,0x17,0,0,0xC
324,0x17,0,0,0xC
325,0x17,0,0,0xC
326,0x17,0,0,0xC
327,0x17,0,0,0xC
328,0x17,0,0,0xC
329,0x17,0,0,0xC
330,0x17,0,0,0xC
331,0x17,0,0,0xC
332,0x17,0,0,0xC
333,0x17,0,0,0xC
334,0x17,0,0,0xC
335,0x17,0,0,0xC
336,0x17,0,0,0xC
337,0x17,0,0,0xC
338,0x17,0,0,0xC
339,0x17,0,0,0xC
340,0x17,0,0,0xC
341,0x17,0,0,0xC
342,0x17,0,0,0xC
343,0x17,0,0,0xC
344,0x17,0,0,0xC
345,0x17,0,0,0xC
346,0x17,0,0,0xC
347,0x17,0,0,0xC
348,0x17,0,0,0xC
349,0x17,0,0,0xC
350,0x17,0,0,0xC
351,0x17,0,0,0xC
352,0x17,0,0,0xC
353,0x17,0,0,0xC
354,0x17,0,0,0xC
355,0x17,0,0,0xC
356,0x17,0,0,0xC
357,0x17,0,0,0xC
358,0x17,0,0,0xC
359,0x17,0,0,0xC
360,0x17,0,0,0xC
361,0x17,0,0,0xC
362,0x17,0,0,0xC
363,0x17,0,0,0xC
364,0x17,0,0,0xC
365,0x17,0,0,0xC
366,0x17,0,0,0xC
367,0x17,0,0,0xC
368,0x17,0,0,0xC
369,0x17,0,0,0xC
370,0x17,0,0,0xC
371,0x17,0,0,0xC
372,0x17,0,0,0xC
373,0x17,0,0,0xC
374,0x17,0,0,0xC
375,0x17,0,0,0xC
376,0x17,0,0,0xC
377,0x17,0,0,0xC
378,0x17,0,0,0xC
379,0x17,0,0,0xC
380,0x17,0,0,0xC
381,0x17,0,0,0xC
382,0x17,0,0,0xC
383,0x17,0,0,0xC
384,0x17,0,0,0xC
385,0x17,0,0,0xC
386,0x17,0,0,0xC
387,0x17,0,0,0xC
388,0x17,0,0,0xC
389,0x17,0,0,0xC
390,0x17,0,0,0xC
391,0x17,0,0,0xC
392,0x17,0,0,0xC
393,0x17,0,0,0xC
394,0x17,0,0,0xC
395,0x17,0,0,0xC
396,0x17,0,0,0xC
397,0x17,0,0,0xC
398,0x17,0,0,0xC
399,0x17,0,0,0xC
400,0x17,0,0,0xC
401,0x17,0,0,0xC
402,0x17,0,0,0xC
403,0x17,0,0,0xC
404,0x17,0,0,0xC
405,0x17,0,0,0xC
406,0x17,0,0,0xC
407,0x17,0,0,0xC
408,0x17,0,0,0xC
409,0x17,0,0,0xC
410,0x17,0,0,0xC
411,0x17,0,0,0xC
412,0x17,0,0,0xC
413,0x17,0,0,0xC
414,0x17,0,0,0xC
415,0x17,0,0,0xC
416,0x17,0,0,0xC
417,0x17,0,0,0xC
418,0x17,0,0,0xC
419,0x17,0,0,0xC
420,0x17,0,0,0xC
421,0x17,0,0,0xC
422,0x17,0,0,0xC
423,0x17,0,0,0xC
424,0x17,0,0,0xC
425,0x17,0,0,0xC
426,0x17,0,0,0xC
427,0x17,0,0,0xC
428,0x17,0,0,0xC
429,0x17,0,0,0xC
430,0x17,0,0,0xC
431,0x17,0,0,0xC
432,0x17,0,0,0xC
433,0x17,0,0,0xC
434,0x17,0,0,0xC
435,0x17,0,0,0xC
436,0x17,0,0,0xC
437,0x17,0,0,0xC
438,0x17,0,0,0xC
439,0x17,0,0,0xC
440,0x17,0,0,0xC
441,0x17,0,0,0xC
442,0x17,0,0,0xC
443,0x17,0,0,0xC
444,0x17,0,0,0xC
445,0x17,0,0,0xC
446,0x17,0,0,0xC
447,0x17,0,0,0xC
448,0x17,0,0,0xC
449,0x17,0,0,0xC
450,0x17,0,0,0xC
451,0x17,0,0,0xC
452,0x17,0,0,0xC
453,0x17,0,0,0xC
454,0x17,0,0,0xC
455,0x17,0,0,0xC
456,0x17,0,0,0xC
457,0x17,0,0,0xC
458,0x17,0,0,0xC
459,0x17,0,0,0xC
460,0x17,0,0,0xC
461,0x17,0,0,0xC
462,0x17,0,0,0xC
463,0x17,0,0,0xC
464,0x17,0,0,0xC
465,0x17,0,0,0xC
466,0x17,0,0,0xC
467,0x17,0,0,0xC
468,0x17,0,0,0xC
469,0x17,0,0,0xC
470,0x17,0,0,0xC
471,0x17,0,0,0xC
472,0x17,0,0,0xC
473,0x17,0,0,0xC
474,0x17,0,0,0xC
475,0x17,0,0,0xC
476,0x17,0,0,0xC
477,0x17,0,0,0xC
478,0x17,0,0,0xC
479,0x17,0,0,0xC
480,0x17,0,0,0xC
481,0x17,0,0,0xC
482,0x17,0,0,0xC
483,0x17,0,0,0xC
484,0x17,0,0,0xC
485,0x17,0,0,0xC
486,0x17,0,0,0xC
487,0x17,0,0,0xC
488,0x17,0,0,0xC
489,0x17,0,0,0xC
490,0x17,0,0,0xC
491,0x17,0,0,0xC
492,0x17,0,0,0xC
493,0x17,0,0,0xC
494,0x17,0,0,0xC
495,0x17,0,0,0xC
496,0x17,0,0,0xC
497,0x17,0,0,0xC
498,0x17,0,0,0xC
499,0x17,0,0,0xC
500,0x17,0,0,0xC
501,0x17,0,0,0xC
502,0x17,0,0,0xC
503,0x17,0,0,0xC
504,0x17,0,0,0xC
505,0x17,0,0,0xC
506,0x17,0,0,0xC
507,0x17,0,0,0xC
508,0x17,0,0,0xC
509,0x17,0,0,0xC
510,0x17,0,0,0xC
511,0x17,0,0,0xC
512,0x17,0,0,0xC
513,0x17,0,0,0xC
514,0x17,0,0,0xC
515,0x17,0,0,0xC
516,0x17,0,0,0xC
517,0x17,0,0,0xC
518,0x17,0,0,0xC
519,0x17,0,0,0xC
520,0x17,0,0,0xC
521,0x17,0,0,0xC
522,0x17,0,0,0xC
523,0x17,0,0,0xC
524,0x17,0,0,0xC
525,0x17,0,0,0xC
526,0x17,0,0,0xC
527,0x17,0,0,0xC
528,0x17,0,0,0xC
529,0x17,0,0,0xC
530,0x17,0,0,0xC
531,0x17,0,0,0xC
532,0x17,0,0,0xC
533,0x17,0,0,0xC
534,0x17,0,0,0xC
535,0x17,0,0,0xC
536,0x17,0,0,0xC
537,0x17,0,0,0xC
538,0x17,0,0,0xC
539,0x17,0,0,0xC
540,0x17,0,0,0xC
541,0x17,0,0,0xC
542,0x17,0,0,0xC
543,0x17,0,0,0xC
544,0x17,0,0,0xC
545,0x17,0,0,0xC
546,0x17,0,0,0xC
547,0x17,0,0,0xC
548,0x17,0,0,0xC
549,0x17,0,0,0xC
550,0x17,0,0,0xC
551,0x17,0,0,0xC
552,0x17,0,0,0xC
553,0x17,0,0,0xC
554,0x17,0,0,0xC
555,0x17,0,0,0xC
556,0x17,0,0,0xC
557,0x17,0,0,0xC
558,0x17,0,0,0xC
559,0x17,0,0,0xC
560,0x17,0,0,0xC
561,0x17,0,0,0xC
562,0x17,0,0,0xC
563,0x17,0,0,0xC
564,0x17,0,0,0xC
565,0x17,0,0,0xC
566,0x17,0,0,0xC
567,0x17,0,0,0xC
568,0x17,0,0,0xC
569,0x17,0,0,0xC
570,0x17,0,0,0xC
571,0x17,0,0,0xC
572,0x17,0,0,0xC
573,0x17,0,0,0xC
574,0x17,0,0,0xC
575,0x17,0,0,0xC
576,0x17,0,0,0xC
577,0x17,0,0,0xC
578,0x17,0,0,0xC
579,0x17,0,0,0xC
580,0x17,0,0,0xC
581,0x17,0,0,0xC
582,0x17,0,0,0xC
583,0x17,0,0,0xC
584,0x17,0,0,0xC
585,0x17,0,0,0xC
586,0x17,0,0,0xC
587,0x17,0,0,0xC
588,0x17,0,0,0xC
589,0x17,0,0,0xC
590,0x17,0,0,0xC
591,0x17,0,0,0xC
592,0x17,0,0,0xC
593,0x17,0,0,0xC
594,0x17,0,0,0xC
595,0x17,0,0,0xC
596,0x17,0,0,0xC
597,0x17,0,0,0xC
598,0x17,0,0,0xC
599,0x17,0,0,0xC
600,0x17,0,0,0xC
601,0x17,0,0,0xC
602,0x17,0,0,0xC
603,0x17,0,0,0xC
604,0x17,0,0,0xC
605,0x17,0,0,0xC
606,0x17,0,0,0xC
607,0x17,0,0,0xC
608,0x17,0,0,0xC
609,0x17,0,0,0xC
610,0x17,0,0,0xC
611,0x17,0,0,0xC
612,0x17,0,0,0xC
613,0x17,0,0,0xC
614,0x17,0,0,0xC
615,0x17,0,0,0xC
616,0x17,0,0,0xC
617,0x17,0,0,0xC
618,0x17,0,0,0xC
619,0x17,0,0,0xC
620,0x17,0,0,0xC
621,0x17,0,0,0xC
622,0x17,0,0,0xC
623,0x17,0,0,0xC
624,0x17,0,0,0xC
625,0x17,0,0,0xC
626,0x17,0,0,0xC
627,0x17,0,0,0xC
628,0x17,0,0,0xC
629,0x17,0,0,0xC
630,0x17,0,0,0xC
631,0x17,0,0,0xC
632,0x17,0,0,0xC
633,0x17,0,0,0xC
634,0x17,0,0,0xC
635,0x17,0,0,0xC
636,0x17,0,0,0xC
637,0x17,0,0,0xC
638,0x17,0,0,0xC
639,0x17,0,0,0xC
640,0x17,0,0,0xC
641,0x17,0,0,0xC
642,0x17,0,0,0xC
643,0x17,0,0,0xC
644,0x17,0,0,0xC
645,0x17,0,0,0xC
646,0x17,0,0,0xC
647,0x17,0,0,0xC
648,0x17,0,0,0xC
649,0x17,0,0,0xC
650,0x17,0,0,0xC
651,0x17,0,0,0xC
652,0x17,0,0,0xC
653,0x17,0,0,0xC
654,0x17,0,0,0xC
655,0x17,0,0,0xC
656,0x17,0,0,0xC
657,0x17,0,0,0xC
658,0x17,0,0,0xC
659,0x17,0,0,0xC
660,0x17,0,0,0xC
661,0x17,0,0,0xC
662,0x17,0,0,0xC
663,0x17,0,0,0xC
664,0x17,0,0,0xC
665,0x17,0,0,0xC
666,0x17,0,0,0xC
667,0x17,0,0,0xC
668,0x17,0,0,0xC
669,0x17,0,0,0xC
670,0x17,0,0,0xC
671,0x17,0,0,0xC
672,0x17,0,0,0xC
673,0x17,0,0,0xC
674,0x17,0,0,0xC
675,0x17,0,0,0xC
676,0x17,0,0,0xC
677,0x17,0,0,0xC
678,0x17,0,0,0xC
679,0x17,0,0,0xC
680,0x17,0,0,0xC
681,0x17,0,0,0xC
682,0x17,0,0,0xC
683,0x17,0,0,0xC
684,0x17,0,0,0xC
685,0x17,0,0,0xC
686,0x17,0,0,0xC
687,0x17,0,0,0xC
688,0x17,0,0,0xC
689,0x17,0,0,0xC
690,0x17,0,0,0xC
691,0x17,0,0,0xC
692,0x17,0,0,0xC
693,0x17,0,0,0xC
694,0x17,0,0,0xC
695,0x17,0,0,0xC
696,0x17,0,0,0xC
697,0x17,0,0,0xC
698,0x17,0,0,0xC
699,0x17,0,0,0xC
700,0x17,0,0,0xC
701,0x17,0,0,0xC
702,0x17,0,0,0xC
703,0x17,0,0,0xC
704,0x17,0,0,0xC
705,0x17,0,0,0xC
706,0x17,0,0,0xC
707,0x17,0,0,0xC
708,0x17,0,0,0xC
709,0x17,0,0,0xC
710,0x17,0,0,0xC
711,0x17,0,0,0xC
712,0x17,0,0,0xC
713,0x17,0,0,0xC
714,0x17,0,0,0xC
715,0x17,0,0,0xC
716,0x17,0,0,0xC
717,0x17,0,0,0xC
718,0x17,0,0,0xC
719,0x17,0,0,0xC
720,0x17,0,0,0xC
721,0x17,0,0,0xC
722,0x17,0,0,0xC
723,0x17,0,0,0xC
724,0x17,0,0,0xC
725,0x17,0,0,0xC
726,0x17,0,0,0xC
727,0x17,0,0,0xC
728,0x17,0,0,0xC
729,0x17,0,0,0xC
730,0x17,0,0,0xC
731,0x17,0,0,0xC
732,0x17,0,0,0xC
733,0x17,0,0,0xC
734,0x17,0,0,0xC
735,0x17,0,0,0xC
736,0x17,0,0,0xC
737,0x17,0,0,0xC
738,0x17,0,0,0xC
739,0x17,0,0,0xC
740,0x17,0,0,0xC
741,0x17,0,0,0xC
742,0x17,0,0,0xC
743,0x17,0,0,0xC
744,0x17,0,0,0xC
745,0x17,0,0,0xC
746,0x17,0,0,0xC
747,0x17,0,0,0xC
748,0x17,0,0,0xC
749,0x17,0,0,0xC
750,0x17,0,0,0xC
751,0x17,0,0,0xC
752,0x17,0,0,0xC
753,0x17,0,0,0xC
754,0x17,0,0,0xC
755,0x17,0,0,0xC
756,0x17,0,0,0xC
757,0x17,0,0,0xC
758,0x17,0,0,0xC
759,0x17,0,0,0xC
760,0x17,0,0,0xC
761,0x17,0,0,0xC
762,0x17,0,0,0xC
763,0x17,0,0,0xC
764,0x17,0,0,0xC
765,0x17,0,0,0xC
766,0x17,0,0,0xC
767,0x17,0,0,0xC
768,0x17,0,0,0xC
769,0x17,0,0,0xC
770,0x17,0,0,0xC
771,0x17,0,0,0xC
772,0x17,0,0,0xC
773,0x17,0,0,0xC
774,0x17,0,0,0xC
775,0x17,0,0,0xC
776,0x17,0,0,0xC
777,0x17,0,0,0xC
778,0x17,0,0,0xC
779,0x17,0,0,0xC
780,0x17,0,0,0xC
781,0x17,0,0,0xC
782,0x17,0,0,0xC
783,0x17,0,0,0xC
784,0x17,0,0,0xC
785,0x17,0,0,0xC
786,0x17,0,0,0xC
787,0x17,0,0,0xC
788,0x17,0,0,0xC
789,0x17,0,0,0xC
790,0x17,0,0,0xC
791,0x17,0,0,0xC
792,0x17,0,0,0xC
793,0x17,0,0,0xC
794,0x17,0,0,0xC
795,0x17,0,0,0xC
796,0x17,0,0,0xC
797,0x17,0,0,0xC
798,0x17,0,0,0xC
799,0x17,0,0,0xC
800,0x17,0,0,0xC
801,0x17,0,0,0xC
802,0x17,0,0,0xC
803,0x17,0,0,0xC
804,0x17,0,0,0xC
805,0x17,0,0,0xC
806,0x17,0,0,0xC
807,0x17,0,0,0xC
808,0x17,0,0,0xC
809,0x17,0,0,0xC
810,0x17,0,0,0xC
811,0x17,0,0,0xC
812,0x17,0,0,0xC
813,0x17,0,0,0xC
814,0x17,0,0,0xC
815,0x17,0,0,0xC
816,0x17,0,0,0xC
817,0x17,0,0,0xC
818,0x17,0,0,0xC
819,0x17,0,0,0xC
820,0x17,0,0,0xC
821,0x17,0,0,0xC
822,0x17,0,0,0xC
823,0x17,0,0,0xC
824,0x17,0,0,0xC
825,0x17,0,0,0xC
826,0x17,0,0,0xC
827,0x17,0,0,0xC
828,0x17,0,0,0xC
829,0x17,0,0,0xC
830,0x17,0,0,0xC
831,0x17,0,0,0xC
832,0x17,0,0,0xC
833,0x17,0,0,0xC
834,0x17,0,0,0xC
835,0x17,0,0,0xC
836,0x17,0,0,0xC
837,0x17,0,0,0xC
838,0x17,0,0,0xC
839,0x17,0,0,0xC
840,0x17,0,0,0xC
841,0x17,0,0,0xC
842,0x17,0,0,0xC
843,0x17,0,0,0xC
844,0x17,0,0,0xC
845,0x17,0,0,0xC
846,0x17,0,0,0xC
847,0x17,0,0,0xC
848,0x17,0,0,0xC
849,0x17,0,0,0xC
850,0x17,0,0,0xC
851,0x17,0,0,0xC
852,0x17,0,0,0xC
853,0x17,0,0,0xC
854,0x17,0,0,0xC
855,0x17,0,0,0xC
856,0x17,0,0,0xC
857,0x17,0,0,0xC
858,0x17,0,0,0xC
859,0x17,0,0,0xC
860,0x17,0,0,0xC
861,0x17,0,0,0xC
862,0x17,0,0,0xC
863,0x17,0,0,0xC
864,0x17,0,0,0xC
865,0x17,0,0,0xC
866,0x17,0,0,0xC
867,0x17,0,0,0xC
868,0x17,0,0,0xC
869,0x17,0,0,0xC
870,0x17,0,0,0xC
871,0x17,0,0,0xC
872,0x17,0,0,0xC
873,0x17,0,0,0xC
874,0x17,0,0,0xC
875,0x17,0,0,0xC
876,0x17,0,0,0xC
877,0x17,0,0,0xC
878,0x17,0,0,0xC
879,0x17,0,0,0xC
880,0x17,0,0,0xC
881,0x17,0,0,0xC
882,0x17,0,0,0xC
883,0x17,0,0,0xC
884,0x17,0,0,0xC
885,0x17,0,0,0xC
886,0x17,0,0,0xC
887,0x17,0,0,0xC
888,0x17,0,0,0xC
889,0x17,0,0,0xC
890,0x17,0,0,0xC
891,0x17,0,0,0xC
892,0x0,0,0,0xC
893,0x1,0,0,0xC
894,0x2,0,0,0xC
895,0x3,0,0,0xC
896,0x17,0,0,0xC
897,0x17,0,0,0xC
898,0x17,0,0,0xC
899,0x17,0,0,0xC
900,0x17,0,0,0xC
901,0x17,0,0,0xC
902,0x17,0,0,0xC
903,0x17,0,0,0xC
904,0x17,0,0,0xC
905,0x17,0,0,0xC
906,0x17,0,0,0xC
907,0x17,0,0,0xC
908,0x17,0,0,0xC
909,0x17,0,0,0xC
910,0x17,0,0,0xC
911,0x17,0,0,0xC
912,0x17,0,0,0xC
913,0x17,0,0,0xC
914,0x17,0,0,0xC
915,0x17,0,0,0xC
916,0x17,0,0,0xC
917,0x17,0,0,0xC
918,0x17,0,0,0xC
919,0x17,0,0,0xC
920,0x0,0,0,0xC
921,0x1,0,0,0xC
922,0x2,0,0,0xC
923,0x3,0,0,0xC
924,0x10,0,0,0xC
925,0x11,0,0,0xC
926,0x12,0,0,0xC
927,0x13,0,0,0xC
928,0x17,0,0,0xC
929,0x17,0,0,0xC
930,0x17,0,0,0xC
931,0x17,0,0,0xC
932,0x17,0,0,0xC
933,0x17,0,0,0xC
934,0x17,0,0,0xC
935,0x17,0,0,0xC
936,0x17,0,0,0xC
937,0x17,0,0,0xC
938,0x17,0,0,0xC
939,0x17,0,0,0xC
940,0x17,0,0,0xC
941,0x17,0,0,0xC
942,0x17,0,0,0xC
943,0x17,0,0,0xC
944,0x17,0,0,0xC
945,0x17,0,0,0xC
946,0x17,0,0,0xC
947,0x17,0,0,0xC
948,0x0,0,0,0xC
949,0x1,0,0,0xC
950,0x2,0,0,0xC
951,0x3,0,0,0xC
952,0x10,0,0,0xC
953,0x11,0,0,0xC
954,0x12,0,0,0xC
955,0x13,0,0,0xC
956,0x6,0,0,0xC
957,0x4,0,0,0xC
958,0x6,0,0,0xC
959,0x4,0,0,0xC
960,0x17,0,0,0xC
961,0x17,0,0,0xC
962,0x17,0,0,0xC
963,0x17,0,0,0xC
964,0x17,0,0,0xC
965,0x17,0,0,0xC
966,0x17,0,0,0xC
967,0x17,0,0,0xC
968,0x17,0,0,0xC
969,0x17,0,0,0xC
970,0x17,0,0,0xC
971,0x17,0,0,0xC
972,0x17,0,0,0xC
973,0x17,0,0,0xC
974,0x17,0,0,0xC
975,0x17,0,0,0xC
976,0x0,0,0,0xC
977,0x1,0,0,0xC
978,0x2,0,0,0xC
979,0x3,0,0,0xC
980,0x10,0,0,0xC
981,0x11,0,0,0xC
982,0x12,0,0,0xC
983,0x13,0,0,0xC
984,0x4,0,0,0xC
985,0x6,0,0,0xC
986,0x14,0,0,0xC
987,0x6,0,0,0xC
988,0x6,0,0,0xC
989,0x6,0,0,0xC
990,0x14,0,0,0xC
991,0x6,0,0,0xC
992,0x17,0,0,0xC
993,0x17,0,0,0xC
994,0x17,0,0,0xC
995,0x17,0,0,0xC
996,0x17,0,0,0xC
997,0x17,0,0,0xC
998,0x17,0,0,0xC
999,0x17,0,0,0xC
1000,0x17,0,0,0xC
1001,0x17,0,0,0xC
1002,0x17,0,0,0xC
1003,0x17,0,0,0xC
1004,0x0,0,0,0xC
1005,0x1,0,0,0xC
1006,0x2,0,0,0xC
1007,0x3,0,0,0xC
1008,0x10,0,0,0xC
1009,0x11,0,0,0xC
1010,0x12,0,0,0xC
1011,0x4,0,0,0xC
1012,0x6,0,0,0xC
1013,0x4,0,0,0xC
1014,0x6,0,0,0xC
1015,0x14,0,0,0xC
1016,0x14,0,0,0xC
1017,0x6,0,0,0xC
1018,0x6,0,0,0xC
1019,0x14,0,0,0xC
1020,0x6,0,0,0xC
1021,0x6,0,0,0xC
1022,0x4,0,0,0xC
1023,0x6,0,0,0xC
1024,0x17,0,0,0xC
1025,0x17,0,0,0xC
1026,0x17,0,0,0xC
1027,0x17,0,0,0xC
1028,0x17,0,0,0xC
1029,0x17,0,0,0xC
1030,0x17,0,0,0xC
1031,0x17,0,0,0xC
1032,0x0,0,0,0xC
1033,0x1,0,0,0xC
1034,0x2,0,0,0xC
1035,0x3,0,0,0xC
1036,0x10,0,0,0xC
1037,0x11,0,0,0xC
1038,0x12,0,0,0xC
1039,0x13,0,0,0xC
1040,0x4,0,0,0xC
1041,0x6,0,0,0xC
1042,0x14,0,0,0xC
1043,0x6,0,0,0xC
1044,0x14,0,0,0xC
1045,0x6,0,0,0xC
1046,0x6,0,0,0xC
1047,0x6,0,0,0xC
1048,0x6,0,0,0xC
1049,0x6,0,0,0xC
1050,0x6,0,0,0xC
1051,0x6,0,0,0xC
1052,0x6,0,0,0xC
1053,0x6,0,0,0xC
1054,0x6,0,0,0xC
1055,0x6,0,0,0xC
1056,0x17,0,0,0xC
1057,0x17,0,0,0xC
1058,0x17,0,0,0xC
1059,0x17,0,0,0xC
1060,0x0,0,0,0xC
1061,0x1,0,0,0xC
1062,0x2,0,0,0xC
1063,0x3,0,0,0xC
1064,0x10,0,0,0xC
1065,0x11,0,0,0xC
1066,0x12,0,0,0xC
1067,0x13,0,0,0xC
1068,0x6,0,0,0xC
1069,0x4,0,0,0xC
1070,0x6,0,0,0xC
1071,0x4,0,0,0xC
1072,0x6,0,0,0xC
1073,0x6,0,0,0xC
1074,0x6,0,0,0xC
1075,0x6,0,0,0xC
1076,0x6,0,0,0xC
1077,0x6,0,0,0xC
1078,0x6,0,0,0xC
1079,0x6,0,0,0xC
1080,0x6,0,0,0xC
1081,0x6,0,0,0xC
1082,0x6,0,0,0xC
1083,0x6,0,0,0xC
1084,0x6,0,0,0xC
1085,0x6,0,0,0xC
1086,0x6,0,0,0xC
1087,0x6,0,0,0xC
1088,0x0,0,0,0xC
1089,0x1,0,0,0xC
1090,0x2,0,0,0xC
1091,0x3,0,0,0xC
1092,0x10,0,0,0xC
1093,0x11,0,0,0xC
1094,0x12,0,0,0xC
1095,0x13,0,0,0xC
1096,0x4,0,0,0xC
1097,0x4,0,0,0xC
1098,0x14,0,0,0xC
1099,0x4,0,0,0xC
1100,0x6,0,0,0xC
1101,0x6,0,0,0xC
1102,0x6,0,0,0xC
1103,0x6,0,0,0xC
1104,0x6,0,0,0xC
1105,0x6,0,0,0xC
1106,0x6,0,0,0xC
1107,0x6,0,0,0xC
1108,0x6,0,0,0xC
1109,0x6,0,0,0xC
1110,0x6,0,0,0xC
1111,0x6,0,0,0xC
1112,0x6,0,0,0xC
1113,0x6,0,0,0xC
1114,0x6,0,0,0xC
1115,0x6,0,0,0xC
1116,0x6,0,0,0xC
1117,0x6,0,0,0xC
1118,0x6,0,0,0xC
1119,0x6,0,0,0xC
1120,0x10,0,0,0xC
1121,0x11,0,0,0xC
1122,0x12,0,0,0xC
1123,0x4,0,0,0xC
1124,0x14,0,0,0xC
1125,0x6,0,0,0xC
1126,0x4,0,0,0xC
1127,0x6,0,0,0xC
1128,0x6,0,0,0xC
1129,0x6,0,0,0xC
1130,0x6,0,0,0xC
1131,0x6,0,0,0xC
1132,0x6,0,0,0xC
1133,0x14,0,0,0xC
1134,0x6,0,0,0xC
1135,0x5,0,0,0xC
1136,0x6,0,0,0xC
1137,0x6,0,0,0xC
1138,0x6,0,0,0xC
1139,0x5,0,0,0xC
1140,0x6,0,0,0xC
1141,0x6,0,0,0xC
1142,0x6,0,0,0xC
1143,0x6,0,0,0xC
1144,0x6,0,0,0xC
1145,0x6,0,0,0xC
1146,0x6,0,0,0xC
1147,0x5,0,0,0xC
1148,0x6,0,0,0xC
1149,0x4,0,0,0xC
1150,0x6,0,0,0xC
1151,0x4,0,0,0xC
1152,0x4,0,0,0xC
1153,0x14,0,0,0xC
1154,0x4,0,0,0xC
1155,0x14,0,0,0xC
1156,0x6,0,0,0xC
1157,0x6,0,0,0xC
1158,0x9,0,0,0xC
1159,0x6,0,0,0xC
1160,0x14,0,0,0xC
1161,0x6,0,0,0xC
1162,0x9,0,0,0xC
1163,0x6,0,0,0xC
1164,0x6,0,0,0xC
1165,0x6,0,0,0xC
1166,0x6,0,0,0xC
1167,0x6,0,0,0xC
1168,0x6,0,0,0xC
1169,0x9,0,0,0xC
1170,0x6,0,0,0xC
1171,0x6,0,0,0xC
1172,0x6,0,0,0xC
1173,0x6,0,0,0xC
1174,0x6,0,0,0xC
1175,0x9,0,0,0xC
1176,0x6,0,0,0xC
1177,0x6,0,0,0xC
1178,0x6,0,0,0xC
1179,0x15,0,0,0xC
1180,0x6,0,0,0xC
1181,0x6,0,0,0xC
1182,0x6,0,0,0xC
1183,0x6,0,0,0xC
1184,0x6,0,0,0xC
1185,0x9,0,0,0xC
1186,0x6,0,0,0xC
1187,0x9,0,0,0xC
1188,0x6,0,0,0xC
1189,0x6,0,0,0xC
1190,0x9,0,0,0xC
1191,0x6,0,0,0xC
1192,0x14,0,0,0xC
1193,0x6,0,0,0xC
1194,0x6,0,0,0xC
1195,0x9,0,0,0xC
1196,0x6,0,0,0xC
1197,0x6,0,0,0xC
1198,0x6,0,0,0xC
1199,0x6,0,0,0xC
1200,0x6,0,0,0xC
1201,0x6,0,0,0xC
1202,0x6,0,0,0xC
1203,0x6,0,0,0xC
1204,0x6,0,0,0xC
1205,0x6,0,0,0xC
1206,0x6,0,0,0xC
1207,0x6,0,0,0xC
1208,0x6,0,0,0xC
1209,0x6,0,0,0xC
1210,0x6,0,0,0xC
1211,0x15,0,0,0xC
1212,0x6,0,0,0xC
1213,0x6,0,0,0xC
1214,0x6,0,0,0xC
1215,0x6,0,0,0xC
1216,0x6,0,0,0xC
1217,0x6,0,0,0xC
1218,0x6,0,0,0xC
1219,0x6,0,0,0xC
1220,0x14,0,0,0xC
1221,0x15,0,0,0xC
1222,0x6,0,0,0xC
1223,0x6,0,0,0xC
1224,0x6,0,0,0xC
1225,0x6,0,0,0xC
1226,0x6,0,0,0xC
1227,0x6,0,0,0xC
1228,0x6,0,0,0xC
1229,0x6,0,0,0xC
1230,0x6,0,0,0xC
1231,0x6,0,0,0xC
1232,0x6,0,0,0xC
1233,0x6,0,0,0xC
1234,0x6,0,0,0xC
1235,0x6,0,0,0xC
1236,0x6,0,0,0xC
1237,0x9,0,0,0xC
1238,0x6,0,0,0xC
1239,0x6,0,0,0xC
1240,0x6,0,0,0xC
1241,0x6,0,0,0xC
1242,0x6,0,0,0xC
1243,0x9,0,0,0xC
1244,0x6,0,0,0xC
1245,0x6,0,0,0xC
1246,0x6,0,0,0xC
1247,0x6,0,0,0xC
1248,0x6,0,0,0xC
1249,0x6,0,0,0xC
1250,0x9,0,0,0xC
1251,0x6,0,0,0xC
1252,0x15,0,0,0xC
1253,0x6,0,0,0xC
1254,0x6,0,0,0xC
1255,0x6,0,0,0xC
1256,0x6,0,0,0xC
1257,0x6,0,0,0xC
1258,0x15,0,0,0xC
1259,0x6,0,0,0xC
1260,0x6,0,0,0xC
1261,0x6,0,0,0xC
1262,0x14,0,0,0xC
1263,0x6,0,0,0xC
1264,0x6,0,0,0xC
1265,0x6,0,0,0xC
1266,0x6,0,0,0xC
1267,0x6,0,0,0xC
1268,0x6,0,0,0xC
1269,0x6,0,0,0xC
1270,0x6,0,0,0xC
1271,0x6,0,0,0xC
1272,0xB,0,0,0xC
1273,0x6,0,0,0xC
1274,0x6,0,0,0xC
1275,0x8,0,0,0xC
1276,0x6,0,0,0xC
1277,0x6,0,0,0xC
1278,0x6,0,0,0xC
1279,0x6,0,0,0xC
1280,0x6,0,0,0xC
1281,0x6,0,0,0xC
1282,0x6,0,0,0xC
1283,0x6,0,0,0xC
1284,0x15,0,0,0xC
1285,0x6,0,0,0xC
1286,0x6,0,0,0xC
1287,0x15,0,0,0xC
1288,0x6,0,0,0xC
1289,0x6,0,0,0xC
1290,0x6,0,0,0xC
1291,0x6,0,0,0xC
1292,0x6,0,0,0xC
1293,0x6,0,0,0xC
1294,0x6,0,0,0xC
1295,0x6,0,0,0xC
1296,0x6,0,0,0xC
1297,0x4,0,0,0xC
1298,0x6,0,0,0xC
1299,0x6,0,0,0xC
1300,0x6,0,0,0xC
1301,0x15,0,0,0xC
1302,0x6,0,0,0xC
1303,0x6,0,0,0xC
1304,0x7,0,0,0xC
1305,0x6,0,0,0xC
1306,0x6,0,0,0xC
1307,0x6,0,0,0xC
1308,0x6,0,0,0xC
1309,0x6,0,0,0xC
1310,0x6,0,0,0xC
1311,0x6,0,0,0xC
1312,0x6,0,0,0xC
1313,0x6,0,0,0xC
1314,0x6,0,0,0xC
1315,0x6,0,0,0xC
1316,0x15,0,0,0xC
1317,0x6,0,0,0xC
1318,0x6,0,0,0xC
1319,0x6,0,0,0xC
1320,0x6,0,0,0xC
1321,0x15,0,0,0xC
1322,0x6,0,0,0xC
1323,0x5,0,0,0xC
1324,0x6,0,0,0xC
1325,0x6,0,0,0xC
1326,0x6,0,0,0xC
1327,0x6,0,0,0xC
1328,0x6,0,0,0xC
1329,0x6,0,0,0xC
1330,0x6,0,0,0xC
1331,0x6,0,0,0xC
1332,0x6,0,0,0xC
1333,0x6,0,0,0xC
1334,0x6,0,0,0xC
1335,0x6,0,0,0xC
1336,0x6,0,0,0xC
1337,0x6,0,0,0xC
1338,0x6,0,0,0xC
1339,0x6,0,0,0xC
1340,0x6,0,0,0xC
1341,0x6,0,0,0xC
1342,0x6,0,0,0xC
1343,0x6,0,0,0xC
1344,0x6,0,0,0xC
1345,0x6,0,0,0xC
1346,0x5,0,0,0xC
1347,0x6,0,0,0xC
1348,0x6,0,0,0xC
1349,0x6,0,0,0xC
1350,0x6,0,0,0xC
1351,0x6,0,0,0xC
1352,0x6,0,0,0xC
1353,0x6,0,0,0xC
1354,0x6,0,0,0xC
1355,0x6,0,0,0xC
1356,0x6,0,0,0xC
1357,0x6,0,0,0xC
1358,0x6,0,0,0xC
1359,0x6,0,0,0xC
1360,0x6,0,0,0xC
1361,0x6,0,0,0xC
1362,0x6,0,0,0xC
1363,0x6,0,0,0xC
1364,0x5,0,0,0xC
1365,0x6,0,0,0xC
1366,0x6,0,0,0xC
1367,0x6,0,0,0xC
1368,0x6,0,0,0xC
1369,0x6,0,0,0xC
1370,0x6,0,0,0xC
1371,0x6,0,0,0xC
1372,0x6,0,0,0xC
1373,0x6,0,0,0xC
1374,0x6,0,0,0xC
1375,0x6,0,0,0xC
1376,0x6,0,0,0xC
1377,0x6,0,0,0xC
1378,0x6,0,0,0xC
1379,0x6,0,0,0xC
1380,0x6,0,0,0xC
1381,0x5,0,0,0xC
1382,0x6,0,0,0xC
1383,0x6,0,0,0xC
1384,0x15,0,0,0xC
1385,0x6,0,0,0xC
1386,0x6,0,0,0xC
1387,0x6,0,0,0xC
1388,0x6,0,0,0xC
1389,0x6,0,0,0xC
1390,0x5,0,0,0xC
1391,0x6,0,0,0xC
1392,0x6,0,0,0xC
1393,0x6,0,0,0xC
1394,0x6,0,0,0xC
1395,0x6,0,0,0xC
1396,0x6,0,0,0xC
1397,0x6,0,0,0xC
1398,0x6,0,0,0xC
1399,0x8,0,0,0xC
1400,0x6,0,0,0xC
1401,0x6,0,0,0xC
1402,0x5,0,0,0xC
1403,0x6,0,0,0xC
1404,0x6,0,0,0xC
1405,0x6,0,0,0xC
1406,0x6,0,0,0xC
1407,0x6,0,0,0xC
1408,0x6,0,0,0xC
1409,0x6,0,0,0xC
1410,0x6,0,0,0xC
1411,0x6,0,0,0xC
1412,0x6,0,0,0xC
1413,0x6,0,0,0xC
1414,0x6,0,0,0xC
1415,0x6,0,0,0xC
1416,0x6,0,0,0xC
1417,0x6,0,0,0xC
1418,0x6,0,0,0xC
1419,0x6,0,0,0xC
1420,0x9,0,0,0xC
1421,0x6,0,0,0xC
1422,0x15,0,0,0xC
1423,0x6,0,0,0xC
1424,0x6,0,0,0xC
1425,0x6,0,0,0xC
1426,0x15,0,0,0xC
1427,0x6,0,0,0xC
1428,0x6,0,0,0xC
1429,0x6,0,0,0xC
1430,0x6,0,0,0xC
1431,0x6,0,0,0xC
1432,0x6,0,0,0xC
1433,0x15,0,0,0xC
1434,0x6,0,0,0xC
1435,0x6,0,0,0xC
1436,0x6,0,0,0xC
1437,0x6,0,0,0xC
1438,0x6,0,0,0xC
1439,0x6,0,0,0xC
1440,0x6,0,0,0xC
1441,0x6,0,0,0xC
1442,0x6,0,0,0xC
1443,0x6,0,0,0xC
1444,0x6,0,0,0xC
1445,0x6,0,0,0xC
1446,0x6,0,0,0xC
1447,0x6,0,0,0xC
1448,0x6,0,0,0xC
1449,0x6,0,0,0xC
1450,0x6,0,0,0xC
1451,0x6,0,0,0xC
1452,0x5,0,0,0xC
1453,0x6,0,0,0xC
1454,0x6,0,0,0xC
1455,0x6,0,0,0xC
1456,0x6,0,0,0xC
1457,0x6,0,0,0xC
1458,0x6,0,0,0xC
1459,0x6,0,0,0xC
1460,0x6,0,0,0xC
1461,0x8,0,0,0xC
1462,0x6,0,0,0xC
1463,0x6,0,0,0xC
1464,0x6,0,0,0xC
1465,0x6,0,0,0xC
1466,0x6,0,0,0xC
1467,0x6,0,0,0xC
1468,0x6,0,0,0xC
1469,0x6,0,0,0xC
1470,0x6,0,0,0xC
1471,0x6,0,0,0xC
1472,0x6,0,0,0xC
1473,0x6,0,0,0xC
1474,0x15,0,0,0xC
1475,0x6,0,0,0xC
1476,0x6,0,0,0xC
1477,0x6,0,0,0xC
1478,0x6,0,0,0xC
1479,0x6,0,0,0xC
1480,0x6,0,0,0xC
1481,0x6,0,0,0xC
1482,0x6,0,0,0xC
1483,0x6,0,0,0xC
1484,0x8,0,0,0xC
1485,0x6,0,0,0xC
1486,0x6,0,0,0xC
1487,0x6,0,0,0xC
1488,0x6,0,0,0xC
1489,0x6,0,0,0xC
1490,0x6,0,0,0xC
1491,0x6,0,0,0xC
1492,0x6,0,0,0xC
1493,0x6,0,0,0xC
1494,0x6,0,0,0xC
1495,0x6,0,0,0xC
1496,0x6,0,0,0xC
1497,0x6,0,0,0xC
1498,0x6,0,0,0xC
1499,0x6,0,0,0xC
1500,0x6,0,0,0xC
1501,0x6,0,0,0xC
1502,0x6,0,0,0xC
1503,0x6,0,0,0xC
1504,0x6,0,0,0xC
1505,0x6,0,0,0xC
1506,0x6,0,0,0xC
1507,0x6,0,0,0xC
1508,0x6,0,0,0xC
1509,0x6,0,0,0xC
1510,0x6,0,0,0xC
1511,0x6,0,0,0xC
1512,0x6,0,0,0xC
1513,0x14,0,0,0xC
1514,0x6,0,0,0xC
1515,0x6,0,0,0xC
1516,0x6,0,0,0xC
1517,0x6,0,0,0xC
1518,0x6,0,0,0xC
1519,0x6,0,0,0xC
1520,0x6,0,0,0xC
1521,0x6,0,0,0xC
1522,0x6,0,0,0xC
1523,0x6,0,0,0xC
1524,0x15,0,0,0xC
1525,0x6,0,0,0xC
1526,0x6,0,0,0xC
1527,0x6,0,0,0xC
1528,0x6,0,0,0xC
1529,0x6,0,0,0xC
1530,0x5,0,0,0xC
1531,0x6,0,0,0xC
1532,0x6,0,0,0xC
1533,0x6,0,0,0xC
1534,0x6,0,0,0xC
1535,0x6,0,0,0xC
1536,0x6,0,0,0xC
1537,0x6,0,0,0xC
1538,0x6,0,0,0xC
1539,0x5,0,0,0xC
1540,0x6,0,0,0xC
1541,0x6,0,0,0xC
1542,0x6,0,0,0xC
1543,0x6,0,0,0xC
1544,0x6,0,0,0xC
1545,0x6,0,0,0xC
1546,0x6,0,0,0xC
1547,0x6,0,0,0xC
1548,0x4,0,0,0xC
1549,0x6,0,0,0xC
1550,0x6,0,0,0xC
1551,0x6,0,0,0xC
1552,0x6,0,0,0xC
1553,0x6,0,0,0xC
1554,0x6,0,0,0xC
1555,0x6,0,0,0xC
1556,0x6,0,0,0xC
1557,0x6,0,0,0xC
1558,0x6,0,0,0xC
1559,0x6,0,0,0xC
1560,0x6,0,0,0xC
1561,0x6,0,0,0xC
1562,0x6,0,0,0xC
1563,0x6,0,0,0xC
1564,0x6,0,0,0xC
1565,0x6,0,0,0xC
1566,0x6,0,0,0xC
1567,0x6,0,0,0xC
1568,0x6,0,0,0xC
1569,0x6,0,0,0xC
1570,0x6,0,0,0xC
1571,0x15,0,0,0xC
1572,0x6,0,0,0xC
1573,0x6,0,0,0xC
1574,0x6,0,0,0xC
1575,0x6,0,0,0xC
1576,0x6,0,0,0xC
1577,0x6,0,0,0xC
1578,0x6,0,0,0xC
1579,0x6,0,0,0xC
1580,0x6,0,0,0xC
1581,0x6,0,0,0xC
1582,0x6,0,0,0xC
1583,0x6,0,0,0xC
1584,0x6,0,0,0xC
1585,0x6,0,0,0xC
1586,0x6,0,0,0xC
1587,0x6,0,0,0xC
1588,0x6,0,0,0xC
1589,0x5,0,0,0xC
1590,0x6,0,0,0xC
1591,0x6,0,0,0xC
1592,0x6,0,0,0xC
1593,0x4,0,0,0xC
1594,0x6,0,0,0xC
1595,0x6,0,0,0xC
1596,0x6,0,0,0xC
1597,0x6,0,0,0xC
1598,0x6,0,0,0xC
1599,0x6,0,0,0xC
1600,0x6,0,0,0xC
1601,0x6,0,0,0xC
1602,0x6,0,0,0xC
1603,0x15,0,0,0xC
1604,0x6,0,0,0xC
1605,0x6,0,0,0xC
1606,0x6,0,0,0xC
1607,0x6,0,0,0xC
1608,0x4,0,0,0xC
1609,0x6,0,0,0xC
1610,0x6,0,0,0xC
1611,0x6,0,0,0xC
1612,0x6,0,0,0xC
1613,0x6,0,0,0xC
1614,0x6,0,0,0xC
1615,0x5,0,0,0xC
1616,0x6,0,0,0xC
1617,0x6,0,0,0xC
1618,0x6,0,0,0xC
1619,0x6,0,0,0xC
1620,0x6,0,0,0xC
1621,0x15,0,0,0xC
1622,0x6,0,0,0xC
1623,0x6,0,0,0xC
1624,0x6,0,0,0xC
1625,0x6,0,0,0xC
1626,0x5,0,0,0xC
1627,0x6,0,0,0xC
1628,0x6,0,0,0xC
1629,0x6,0,0,0xC
1630,0x6,0,0,0xC
1631,0x6,0,0,0xC
1632,0x6,0,0,0xC
1633,0x6,0,0,0xC
1634,0x6,0,0,0xC
1635,0x6,0,0,0xC
1636,0x6,0,0,0xC
1637,0x6,0,0,0xC
1638,0x6,0,0,0xC
1639,0x6,0,0,0xC
1640,0x6,0,0,0xC
1641,0x6,0,0,0xC
1642,0x6,0,0,0xC
1643,0x6,0,0,0xC
1644,0x6,0,0,0xC
1645,0x6,0,0,0xC
1646,0x6,0,0,0xC
1647,0x6,0,0,0xC
1648,0x6,0,0,0xC
1649,0x6,0,0,0xC
1650,0x6,0,0,0xC
1651,0x6,0,0,0xC
1652,0x6,0,0,0xC
1653,0x6,0,0,0xC
1654,0x6,0,0,0xC
1655,0x6,0,0,0xC
1656,0x6,0,0,0xC
1657,0x6,0,0,0xC
1658,0x15,0,0,0xC
1659,0x6,0,0,0xC
1660,0x5,0,0,0xC
1661,0x6,0,0,0xC
1662,0x6,0,0,0xC
1663,0x6,0,0,0xC
1664,0x6,0,0,0xC
1665,0x6,0,0,0xC
1666,0x6,0,0,0xC
1667,0x6,0,0,0xC
1668,0x6,0,0,0xC
1669,0x6,0,0,0xC
1670,0x6,0,0,0xC
1671,0x6,0,0,0xC
1672,0x6,0,0,0xC
1673,0x6,0,0,0xC
1674,0x6,0,0,0xC
1675,0x5,0,0,0xC
1676,0x6,0,0,0xC
1677,0x6,0,0,0xC
1678,0x6,0,0,0xC
1679,0x6,0,0,0xC
1680,0x6,0,0,0xC
1681,0x6,0,0,0xC
1682,0x6,0,0,0xC
1683,0x6,0,0,0xC
1684,0x14,0,0,0xC
1685,0x6,0,0,0xC
1686,0x6,0,0,0xC
1687,0x6,0,0,0xC
1688,0x6,0,0,0xC
1689,0x6,0,0,0xC
1690,0x6,0,0,0xC
1691,0x6,0,0,0xC
1692,0x6,0,0,0xC
1693,0x6,0,0,0xC
1694,0x6,0,0,0xC
1695,0x6,0,0,0xC
1696,0x6,0,0,0xC
1697,0x6,0,0,0xC
1698,0x6,0,0,0xC
1699,0x6,0,0,0xC
1700,0x6,0,0,0xC
1701,0x5,0,0,0xC
1702,0x6,0,0,0xC
1703,0x6,0,0,0xC
1704,0x6,0,0,0xC
1705,0x6,0,0,0xC
1706,0x15,0,0,0xC
1707,0x6,0,0,0xC
1708,0x6,0,0,0xC
1709,0x6,0,0,0xC
1710,0x6,0,0,0xC
1711,0x6,0,0,0xC
1712,0x6,0,0,0xC
1713,0x6,0,0,0xC
1714,0x6,0,0,0xC
1715,0x6,0,0,0xC
1716,0x6,0,0,0xC
1717,0x6,0,0,0xC
1718,0x6,0,0,0xC
1719,0x4,0,0,0xC
1720,0x6,0,0,0xC
1721,0x6,0,0,0xC
1722,0x6,0,0,0xC
1723,0x6,0,0,0xC
1724,0x6,0,0,0xC
1725,0x6,0,0,0xC
1726,0x6,0,0,0xC
1727,0x6,0,0,0xC
1728,0x6,0,0,0xC
1729,0x6,0,0,0xC
1730,0x6,0,0,0xC
1731,0x6,0,0,0xC
1732,0x6,0,0,0xC
1733,0x15,0,0,0xC
1734,0x6,0,0,0xC
1735,0x6,0,0,0xC
1736,0x6,0,0,0xC
1737,0x6,0,0,0xC
1738,0x6,0,0,0xC
1739,0x6,0,0,0xC
1740,0x6,0,0,0xC
1741,0x6,0,0,0xC
1742,0x6,0,0,0xC
1743,0x6,0,0,0xC
1744,0x6,0,0,0xC
1745,0x6,0,0,0xC
1746,0x6,0,0,0xC
1747,0x6,0,0,0xC
1748,0x6,0,0,0xC
1749,0x6,0,0,0xC
1750,0x6,0,0,0xC
1751,0x6,0,0,0xC
1752,0x5,0,0,0xC
1753,0x6,0,0,0xC
1754,0x6,0,0,0xC
1755,0x6,0,0,0xC
1756,0x6,0,0,0xC
1757,0x6,0,0,0xC
1758,0x6,0,0,0xC
1759,0x6,0,0,0xC
1760,0x6,0,0,0xC
1761,0x6,0,0,0xC
1762,0x6,0,0,0xC
1763,0x6,0,0,0xC
1764,0x6,0,0,0xC
1765,0x6,0,0,0xC
1766,0x6,0,0,0xC
1767,0x6,0,0,0xC
1768,0x6,0,0,0xC
1769,0x6,0,0,0xC
1770,0x6,0,0,0xC
1771,0x6,0,0,0xC
1772,0x6,0,0,0xC
1773,0x6,0,0,0xC
1774,0x6,0,0,0xC
1775,0x6,0,0,0xC
1776,0x6,0,0,0xC
1777,0x6,0,0,0xC
1778,0x6,0,0,0xC
1779,0x6,0,0,0xC
1780,0x6,0,0,0xC
1781,0x6,0,0,0xC
1782,0x6,0,0,0xC
1783,0x6,0,0,0xC
1784,0x15,0,0,0xC
1785,0x6,0,0,0xC
1786,0x5,0,0,0xC
1787,0x6,0,0,0xC
1788,0x6,0,0,0xC
1789,0x6,0,0,0xC
1790,0x6,0,0,0xC
1791,0x6,0,0,0xC
1792,0x6,0,0,0xC
1793,0x6,0,0,0xC
1794,0x6,0,0,0xC
1795,0x6,0,0,0xC
1796,0x6,0,0,0xC
1797,0x6,0,0,0xC
1798,0x6,0,0,0xC
1799,0x6,0,0,0xC
1800,0x6,0,0,0xC
1801,0x6,0,0,0xC
1802,0x6,0,0,0xC
1803,0x6,0,0,0xC
1804,0x6,0,0,0xC
1805,0x6,0,0,0xC
1806,0x6,0,0,0xC
1807,0x6,0,0,0xC
1808,0x6,0,0,0xC
1809,0x6,0,0,0xC
1810,0x6,0,0,0xC
1811,0x6,0,0,0xC
1812,0x5,0,0,0xC
1813,0x6,0,0,0xC
1814,0x6,0,0,0xC
1815,0x6,0,0,0xC
1816,0x6,0,0,0xC
1817,0x6,0,0,0xC
1818,0x6,0,0,0xC
1819,0x6,0,0,0xC
1820,0x6,0,0,0xC
1821,0x6,0,0,0xC
1822,0x6,0,0,0xC
1823,0x6,0,0,0xC
1824,0x6,0,0,0xC
1825,0x6,0,0,0xC
1826,0x6,0,0,0xC
1827,0x6,0,0,0xC
1828,0x6,0,0,0xC
1829,0x6,0,0,0xC
1830,0x6,0,0,0xC
1831,0x6,0,0,0xC
1832,0x6,0,0,0xC
1833,0x6,0,0,0xC
1834,0x6,0,0,0xC
1835,0x6,0,0,0xC
1836,0x6,0,0,0xC
1837,0x6,0,0,0xC
1838,0x6,0,0,0xC
1839,0x6,0,0,0xC
1840,0x6,0,0,0xC
1841,0x6,0,0,0xC
1842,0x6,0,0,0xC
1843,0x6,0,0,0xC
1844,0x15,0,0,0xC
1845,0x6,0,0,0xC
1846,0x6,0,0,0xC
1847,0x6,0,0,0xC
1848,0x6,0,0,0xC
1849,0x6,0,0,0xC
1850,0x6,0,0,0xC
1851,0x6,0,0,0xC
1852,0x6,0,0,0xC
1853,0x6,0,0,0xC
1854,0x6,0,0,0xC
1855,0x6,0,0,0xC
1856,0x6,0,0,0xC
1857,0x6,0,0,0xC
1858,0x6,0,0,0xC
1859,0x6,0,0,0xC
1860,0x6,0,0,0xC
1861,0x6,0,0,0xC
1862,0x6,0,0,0xC
1863,0x6,0,0,0xC
1864,0x6,0,0,0xC
1865,0x6,0,0,0xC
1866,0x6,0,0,0xC
1867,0x6,0,0,0xC
1868,0x6,0,0,0xC
1869,0x6,0,0,0xC
1870,0x6,0,0,0xC
1871,0x6,0,0,0xC
1872,0x6,0,0,0xC
1873,0x6,0,0,0xC
1874,0x6,0,0,0xC
1875,0x6,0,0,0xC
1876,0x6,0,0,0xC
1877,0x6,0,0,0xC
1878,0x6,0,0,0xC
1879,0x6,0,0,0xC
1880,0x6,0,0,0xC
1881,0x6,0,0,0xC
1882,0x6,0,0,0xC
1883,0x6,0,0,0xC
1884,0x6,0,0,0xC
1885,0x6,0,0,0xC
1886,0x6,0,0,0xC
1887,0x6,0,0,0xC
1888,0x0,0,0,0x0
1889,0x0,0,0,0x0
1890,0x0,0,0,0x0
1891,0x0,0,0,0x0
1892,0x0,0,0,0x0
1893,0x0,0,0,0x0
1894,0x0,0,0,0x0
1895,0x0,0,0,0x0
1896,0x0,0,0,0x0
1897,0x0,0,0,0x0
1898,0x0,0,0,0x0
1899,0x0,0,0,0x0
1900,0x0,0,0,0x0
1901,0x0,0,0,0x0
1902,0x0,0,0,0x0
1903,0x0,0,0,0x0
1904,0x0,0,0,0x0
1905,0x0,0,0,0x0
1906,0x0,0,0,0x0
1907,0x0,0,0,0x0
1908,0x0,0,0,0x0
1909,0x0,0,0,0x0
1910,0x0,0,0,0x0
1911,0x0,0,0,0x0
1912,0x0,0,0,0x0
1913,0x0,0,0,0x0
1914,0x0,0,0,0x0
1915,0x0,0,0,0x0
1916,0x0,0,0,0x0
1917,0x0,0,0,0x0
1918,0x0,0,0,0x0
1919,0x0,0,0,0x0
1920,0x0,0,0,0x0
1921,0x0,0,0,0x0
1922,0x0,0,0,0x0
1923,0x0,0,0,0x0
1924,0x0,0,0,0x0
1925,0x0,0,0,0x0
1926,0x0,0,0,0x0
1927,0x0,0,0,0x0
1928,0x0,0,0,0x0
1929,0x0,0,0,0x0
1930,0x0,0,0,0x0
1931,0x0,0,0,0x0
1932,0x0,0,0,0x0
1933,0x0,0,0,0x0
1934,0x0,0,0,0x0
1935,0x0,0,0,0x0
1936,0x0,0,0,0x0
1937,0x0,0,0,0x0
1938,0x0,0,0,0x0
1939,0x0,0,0,0x0
1940,0x0,0,0,0x0
1941,0x0,0,0,0x0
1942,0x0,0,0,0x0
1943,0x0,0,0,0x0
1944,0x0,0,0,0x0
1945,0x0,0,0,0x0
1946,0x0,0,0,0x0
1947,0x0,0,0,0x0
1948,0x0,0,0,0x0
1949,0x0,0,0,0x0
1950,0x0,0,0,0x0
1951,0x0,0,0,0x0
1952,0x0,0,0,0x0
1953,0x0,0,0,0x0
1954,0x0,0,0,0x0
1955,0x0,0,0,0x0
1956,0x0,0,0,0x0
1957,0x0,0,0,0x0
1958,0x0,0,0,0x0
1959,0x0,0,0,0x0
1960,0x0,0,0,0x0
1961,0x0,0,0,0x0
1962,0x0,0,0,0x0
1963,0x0,0,0,0x0
1964,0x0,0,0,0x0
1965,0x0,0,0,0x0
1966,0x0,0,0,0x0
1967,0x0,0,0,0x0
1968,0x0,0,0,0x0
1969,0x0,0,0,0x0
1970,0x0,0,0,0x0
1971,0x0,0,0,0x0
1972,0x0,0,0,0x0
1973,0x0,0,0,0x0
1974,0x0,0,0,0x0
1975,0x0,0,0,0x0
1976,0x0,0,0,0x0
1977,0x0,0,0,0x0
1978,0x0,0,0,0x0
1979,0x0,0,0,0x0
1980,0x0,0,0,0x0
1981,0x0,0,0,0x0
1982,0x0,0,0,0x0
1983,0x0,0,0,0x0
1984,0x0,0,0,0x0
1985,0x0,0,0,0x0
1986,0x0,0,0,0x0
1987,0x0,0,0,0x0
1988,0x0,0,0,0x0
1989,0x0,0,0,0x0
1990,0x0,0,0,0x0
1991,0x0,0,0,0x0
1992,0x0,0,0,0x0
1993,0x0,0,0,0x0
1994,0x0,0,0,0x0
1995,0x0,0,0,0x0
1996,0x0,0,0,0x0
1997,0x0,0,0,0x0
1998,0x0,0,0,0x0
1999,0x0,0,0,0x0
2000,0x0,0,0,0x0
2001,0x0,0,0,0x0
2002,0x0,0,0,0x0
2003,0x0,0,0,0x0
2004,0x0,0,0,0x0
2005,0x0,0,0,0x0
2006,0x0,0,0,0x0
2007,0x0,0,0,0x0
2008,0x0,0,0,0x0
2009,0x0,0,0,0x0
2010,0x0,0,0,0x0
2011,0x0,0,0,0x0
2012,0x0,0,0,0x0
2013,0x0,0,0,0x0
2014,0x0,0,0,0x0
2015,0x0,0,0,0x0
2016,0x0,0,0,0x0
2017,0x0,0,0,0x0
2018,0x0,0,0,0x0
2019,0x0,0,0,0x0
2020,0x0,0,0,0x0
2021,0x0,0,0,0x0
2022,0x0,0,0,0x0
2023,0x0,0,0,0x0
2024,0x0,0,0,0x0
2025,0x0,0,0,0x0
2026,0x0,0,0,0x0
2027,0x0,0,0,0x0
2028,0x0,0,0,0x0
2029,0x0,0,0,0x0
2030,0x0,0,0,0x0
2031,0x0,0,0,0x0
2032,0x0,0,0,0x0
2033,0x0,0,0,0x0
2034,0x0,0,0,0x0
2035,0x0,0,0,0x0
2036,0x0,0,0,0x0
2037,0x0,0,0,0x0
2038,0x0,0,0,0x0
2039,0x0,0,0,0x0
2040,0x0,0,0,0x0
2041,0x0,0,0,0x0
2042,0x0,0,0,0x0
2043,0x0,0,0,0x0
2044,0x0,0,0,0x0
2045,0x0,0,0,0x0
2046,0x0,0,0,0x0
2047,0x0,0,0,0x0
